created_at,id,lang,text,user,source,hashtags,url
Sun Mar 04 07:19:07 +0000 2018,970196926850392064,en,#health #beauty Buy Now: $32.6 Toilet Safety Grab Bar Handle Grip Frame Arm Rest Elderly Handicap Bathroom Help‚Ä¶ https://t.co/RSUamcpM6w,health_anbeauty,"<a href=""https://www.postpilot.net/twitterapps/autotweetpal/"" rel=""nofollow"">AutoTweetPal</a>","['health', 'beauty']","[URL(URL=https://t.co/RSUamcpM6w, ExpandedURL=https://twitter.com/i/web/status/970196926850392064)]"
Sun Mar 04 07:19:01 +0000 2018,970196903454441472,en,"WHAT REALLY MAKES US HUMAN: #Meaning; Not #Possession
https://t.co/wMyqy5DKQV 
#creativity #depression‚Ä¶ https://t.co/Xf0FWOz7SF",MassCreativity,"<a href=""https://social.zoho.com"" rel=""nofollow"">ZohoTwitterApp</a>","['Meaning', 'Possession', 'creativity', 'depression']","[URL(URL=https://t.co/wMyqy5DKQV, ExpandedURL=http://bit.ly/2kJ2Dt9), URL(URL=https://t.co/Xf0FWOz7SF, ExpandedURL=https://twitter.com/i/web/status/970196903454441472)]"
Sun Mar 04 07:18:55 +0000 2018,970196877776969733,en,"Microsoft proposes taking your HoloLens with you on your next date - https://t.co/mwAJmeWiv7
#Healthcare‚Ä¶ https://t.co/lkASAPfjEh",TakeLeap,"<a href=""http://twitter.com"" rel=""nofollow"">Twitter Web Client</a>",['Healthcare'],"[URL(URL=https://t.co/mwAJmeWiv7, ExpandedURL=https://mspoweruser.com/microsoft-proposes-taking-hololens-next-date/), URL(URL=https://t.co/lkASAPfjEh, ExpandedURL=https://twitter.com/i/web/status/970196877776969733)]"
Sun Mar 04 07:18:46 +0000 2018,970196837260021760,en,RT @SwachhKhunti: #SwachhBharatMission enroute to discard the evil effect on #health due to #OpenDefecation. #SwachhBharat #ZSBP #zsbp_jhar‚Ä¶,sbmkushinagar,"<a href=""https://digitalinspiration.com"" rel=""nofollow"">SwachhKushinagar</a>","['SwachhBharatMission', 'health', 'OpenDefecation', 'SwachhBharat', 'ZSBP', 'zsbp_jhar']",[]
Sun Mar 04 07:18:43 +0000 2018,970196825796939777,und,#FinlandEyeCenter #LASIK #PRK #phakicIOL #Oman #Muscat #Salalah #Sohar #EyeCare #Health #Vision #femtosecondLASIK‚Ä¶ https://t.co/w3mQm1sabb,Finland_Eye_Cen,"<a href=""http://twitter.com"" rel=""nofollow"">Twitter Web Client</a>","['FinlandEyeCenter', 'LASIK', 'PRK', 'phakicIOL', 'Oman', 'Muscat', 'Salalah', 'Sohar', 'EyeCare', 'Health', 'Vision', 'femtosecondLASIK']","[URL(URL=https://t.co/w3mQm1sabb, ExpandedURL=https://twitter.com/i/web/status/970196825796939777)]"
Sun Mar 04 07:18:40 +0000 2018,970196813625118721,en,Your local #pharmacist can give you the #fluvaccine so why wait?  Make an #appointment today  #health #fluvirus‚Ä¶ https://t.co/PX5LUYGUoG,ConefreyPharmac,"<a href=""https://www.socialjukebox.com"" rel=""nofollow"">The Social Jukebox</a>","['pharmacist', 'fluvaccine', 'appointment', 'health', 'fluvirus']","[URL(URL=https://t.co/PX5LUYGUoG, ExpandedURL=https://twitter.com/i/web/status/970196813625118721)]"
Sun Mar 04 07:18:34 +0000 2018,970196789939679232,en,Any #blogger or #SEO expert wants to Collaborate in #health blog.,blogging_pub,"<a href=""http://twitter.com/download/android"" rel=""nofollow"">Twitter for Android</a>","['blogger', 'SEO', 'health']",[]
Sun Mar 04 07:18:13 +0000 2018,970196702605975553,en,RT @HealingMB: The best and worst foods .. for a healthy brain #Nutrition #Diet #BrainHealth #Wellness #Health https://t.co/Oci5YkKc1r,satsunoda41,"<a href=""http://twitter.com/download/android"" rel=""nofollow"">Twitter for Android</a>","['Nutrition', 'Diet', 'BrainHealth', 'Wellness', 'Health']",[]
Sun Mar 04 07:18:00 +0000 2018,970196646888841216,en,"RT @RiteshEconomist: #modicare - the devil lies in detail
India needs a supply-side response to prevent the looming #health crisis 
@Psm_cu‚Ä¶",GyanendrAw,"<a href=""http://twitter.com/download/android"" rel=""nofollow"">Twitter for Android</a>","['modicare', 'health']",[]
Sun Mar 04 07:17:51 +0000 2018,970196609152704513,en,"The epidemic of obesity, diabetes and poor health sweeps the world. Physical activity is only one part of this solu‚Ä¶ https://t.co/wS0DA04T9p",BubbleGlobal1,"<a href=""http://twitter.com"" rel=""nofollow"">Twitter Web Client</a>",[],"[URL(URL=https://t.co/wS0DA04T9p, ExpandedURL=https://twitter.com/i/web/status/970196609152704513)]"
Sun Mar 04 07:17:49 +0000 2018,970196599900061697,en,Any #SEOexpert wants to Collaborate in #health blog.,akahrodiya,"<a href=""http://twitter.com/download/android"" rel=""nofollow"">Twitter for Android</a>","['SEOexpert', 'health']",[]
Sun Mar 04 07:17:47 +0000 2018,970196589993177088,en,"RT @EXOUSbodygear: Do not know where to start, start the day with a jog! https://t.co/a2riskefrE  #workout #fitness #health #defstar5 #mpgv‚Ä¶",Kyle2uSuccess,"<a href=""http://www.Kyle2U.com"" rel=""nofollow"">Kyle2USuccess</a>","['workout', 'fitness', 'health', 'defstar5']","[URL(URL=https://t.co/a2riskefrE, ExpandedURL=https://buff.ly/2H0mYRt)]"
Sun Mar 04 07:17:44 +0000 2018,970196580681707520,en,More honesty &amp; better communication needed in #cancertreatment &amp; #palliative #care. #oncology #pallonc #eolc‚Ä¶ https://t.co/GDiIVw9EL4,health_lobby,"<a href=""http://twitter.com"" rel=""nofollow"">Twitter Web Client</a>","['cancertreatment', 'palliative', 'care', 'oncology', 'pallonc', 'eolc']","[URL(URL=https://t.co/GDiIVw9EL4, ExpandedURL=https://twitter.com/i/web/status/970196580681707520)]"
Sun Mar 04 07:17:41 +0000 2018,970196568551833600,en,"MEN'S HEALTH REVIEW-DOING IT THE RIGHT WAY https://t.co/WD9QAuQmj3 #health,#menshealth,#womenshealth,#lawofattraction,#abundance,#wellbeing",Newvanangel,"<a href=""http://www.ajaymatharu.com/"" rel=""nofollow"">Tweet Old Post</a>","['health', 'menshealth', 'womenshealth', 'lawofattraction', 'abundance', 'wellbeing']","[URL(URL=https://t.co/WD9QAuQmj3, ExpandedURL=http://bit.ly/2h74JCK)]"
Sun Mar 04 07:17:40 +0000 2018,970196561593593856,en,"It is all about balance
#lifestyle #health #nutrition #healthy 

https://t.co/ha8I2eh3Wq",Theajrobert,"<a href=""http://twitter.com"" rel=""nofollow"">Twitter Web Client</a>","['lifestyle', 'health', 'nutrition', 'healthy']","[URL(URL=https://t.co/ha8I2eh3Wq, ExpandedURL=https://southlandssun.co.za/90498/are-you-orthorexic/)]"
Sun Mar 04 07:17:31 +0000 2018,970196524574457857,en,"Easy Ways to Stay Fit and Active https://t.co/dzMYIu1n9i
#TripuraElection2018 #Suriya36FirstLook #2Point0‚Ä¶ https://t.co/KrZExmE4FM",the_charioteer_,"<a href=""http://twitter.com"" rel=""nofollow"">Twitter Web Client</a>","['TripuraElection2018', 'Suriya36FirstLook', '2Point0']","[URL(URL=https://t.co/dzMYIu1n9i, ExpandedURL=http://www.rathinbhardwaj.com/2018/03/04/easy-ways-stay-fit-active/), URL(URL=https://t.co/KrZExmE4FM, ExpandedURL=https://twitter.com/i/web/status/970196524574457857)]"
Sun Mar 04 07:17:29 +0000 2018,970196517989638144,en,#Ayurveda is a knowledge which basically taken from nature to enjoy life in natural way. We believe that every herb‚Ä¶ https://t.co/KpSYg0ViCC,EduAwardsIndia,"<a href=""http://twitter.com/download/android"" rel=""nofollow"">Twitter for Android</a>",['Ayurveda'],"[URL(URL=https://t.co/KpSYg0ViCC, ExpandedURL=https://twitter.com/i/web/status/970196517989638144)]"
Sun Mar 04 07:17:01 +0000 2018,970196399949320193,en,"Do not know where to start, start the day with a jog! https://t.co/a2riskefrE  #workout #fitness #health #defstar5‚Ä¶ https://t.co/8ffZvcqmVv",EXOUSbodygear,"<a href=""http://bufferapp.com"" rel=""nofollow"">Buffer</a>","['workout', 'fitness', 'health', 'defstar5']","[URL(URL=https://t.co/a2riskefrE, ExpandedURL=https://buff.ly/2H0mYRt), URL(URL=https://t.co/8ffZvcqmVv, ExpandedURL=https://twitter.com/i/web/status/970196399949320193)]"
Sun Mar 04 07:16:55 +0000 2018,970196375194521601,en,"RT @HealthRanger: The 10 worst toxins in vitamins, supplements and health foods. https://t.co/9FswuAt5jX #nutrition #health",eirenehealth,"<a href=""http://twitter.com/download/iphone"" rel=""nofollow"">Twitter for iPhone</a>","['nutrition', 'health']","[URL(URL=https://t.co/9FswuAt5jX, ExpandedURL=http://bit.ly/2CTrcrG)]"
Sun Mar 04 07:16:41 +0000 2018,970196315857702912,en,"https://t.co/RNioaQ6t4Q #Spiritual #Health, Secret Of Instant Self Healing Meditation: Instant Deepest Meditation‚Ä¶ https://t.co/UiCa1WtNA9",EcommerceMatrix,"<a href=""http://www.google.com/"" rel=""nofollow"">Google</a>","['Spiritual', 'Health']","[URL(URL=https://t.co/RNioaQ6t4Q, ExpandedURL=http://Matrix-E.com), URL(URL=https://t.co/UiCa1WtNA9, ExpandedURL=https://goo.gl/fb/WbR9d4)]"
Sun Mar 04 07:16:32 +0000 2018,970196277647499264,en,Please RT #health #fitness The New Wellness Mama Cookbook Is HERE‚Ä¶ https://t.co/trQbwHTIAZ,fitnesshealthy6,"<a href=""https://dlvrit.com/"" rel=""nofollow"">dlvr.it</a>","['health', 'fitness']","[URL(URL=https://t.co/trQbwHTIAZ, ExpandedURL=http://dlvr.it/QJfTKx)]"
Sun Mar 04 07:16:10 +0000 2018,970196184915759104,en,#Health - #Wellbeing #Diet and #Fitness Diseases Nutrition #FrizeMedia https://t.co/kCro0VsONf via @Charlesfrize,Charlesfrize,"<a href=""http://twitter.com"" rel=""nofollow"">Twitter Web Client</a>","['Health', 'Wellbeing', 'Diet', 'Fitness', 'FrizeMedia']","[URL(URL=https://t.co/kCro0VsONf, ExpandedURL=http://www.internetbusinessideas-viralmarketing.com/health.html)]"
Sun Mar 04 07:15:56 +0000 2018,970196124421312512,en,#science #ecology #health #nature Sundown https://t.co/bvtLQDcOIu,en_natureworld,"<a href=""http://en.info-natura.com/"" rel=""nofollow"">RSS info_naturaen</a>","['science', 'ecology', 'health', 'nature']","[URL(URL=https://t.co/bvtLQDcOIu, ExpandedURL=http://bit.ly/2FgSBt1)]"
Sun Mar 04 07:15:35 +0000 2018,970196037322379264,en,"RT @Fisher85M: Monitoring #health may soon be as simple as applying a temporary tattoo. {Video}

#IoT #innovation #wearables #Healthcare #m‚Ä¶",adonakas2,"<a href=""http://twitter.com/download/android"" rel=""nofollow"">Twitter for Android</a>","['health', 'IoT', 'innovation', 'wearables', 'Healthcare']",[]
Sun Mar 04 07:15:25 +0000 2018,970195997417721861,en,"RT @Fisher85M: Monitoring #health may soon be as simple as applying a temporary tattoo. {Video}

#IoT #innovation #wearables #Healthcare #m‚Ä¶",arjun_karthick,"<a href=""http://twitter.com/download/android"" rel=""nofollow"">Twitter for Android</a>","['health', 'IoT', 'innovation', 'wearables', 'Healthcare']",[]
Sun Mar 04 07:15:14 +0000 2018,970195951368380416,en,"How I learnt to do Yoga Arm Balances? - https://t.co/kIgTpdVJ2f via @sunjhini

#fitness #health #yoga",Sunjhini,"<a href=""http://twitter.com"" rel=""nofollow"">Twitter Web Client</a>","['fitness', 'health', 'yoga']","[URL(URL=https://t.co/kIgTpdVJ2f, ExpandedURL=http://go.shr.lc/2Azpf6L)]"
Sun Mar 04 07:15:07 +0000 2018,970195921735700480,en,"RT @ChefLarryEdward: For the ultimate in flavor and #health, you can't beat #garlic and fresh #herbs and luckily we have a #salsa which fea‚Ä¶",IdahNielsen,"<a href=""http://twitter.com/download/iphone"" rel=""nofollow"">Twitter for iPhone</a>","['health', 'garlic', 'herbs', 'salsa']",[]
Sun Mar 04 07:15:03 +0000 2018,970195904115376128,en,"What is Mechano Growth Factor (MGF)?

https://t.co/Md7ARVv5bc

#health #fitness #gym #workout #motivation #training‚Ä¶ https://t.co/A9MCXqgNiE",peptideshealth,"<a href=""http://www.hootsuite.com"" rel=""nofollow"">Hootsuite</a>","['health', 'fitness', 'gym', 'workout', 'motivation', 'training']","[URL(URL=https://t.co/Md7ARVv5bc, ExpandedURL=https://peptideshealth.info/what-is-mechano-growth-factor-mgf/), URL(URL=https://t.co/A9MCXqgNiE, ExpandedURL=https://twitter.com/i/web/status/970195904115376128)]"
Sun Mar 04 07:14:52 +0000 2018,970195858963816448,en,"RT @AntxonApinaniz: #Mass Index With Lifetime Risk of #Cardiovascular Disease and Compression of #Morbidity. #Health
https://t.co/Dspv6BqwNc",ProlivaNutrisat,"<a href=""http://twitter.com/download/iphone"" rel=""nofollow"">Twitter for iPhone</a>","['Mass', 'Cardiovascular', 'Morbidity', 'Health']","[URL(URL=https://t.co/Dspv6BqwNc, ExpandedURL=https://jamanetwork.com/journals/jamacardiology/fullarticle/2673289)]"
Sun Mar 04 07:14:08 +0000 2018,970195674141679616,en,"We all know the fact that the skin is the largest organ in our body. To begin with, everyone must know the momentou‚Ä¶ https://t.co/3qzOmokHg7",healthdoctoriam,"<a href=""http://twitter.com"" rel=""nofollow"">Twitter Web Client</a>",[],"[URL(URL=https://t.co/3qzOmokHg7, ExpandedURL=https://twitter.com/i/web/status/970195674141679616)]"
Sun Mar 04 07:13:59 +0000 2018,970195637072375811,en,RT @wef: Scientists have created a silicon beating heart https://t.co/pdXLgA7tIN #health https://t.co/1HUFtVhBfY,MAHAVIR111114,"<a href=""http://twitter.com/download/android"" rel=""nofollow"">Twitter for Android</a>",['health'],"[URL(URL=https://t.co/pdXLgA7tIN, ExpandedURL=http://wef.ch/2FNOi6b)]"
Sun Mar 04 07:13:22 +0000 2018,970195480671002624,ja,Áâπ„Å´„ÄÅ„Éü„Éä„ÉàÂºè„Åè„ÇèÈùíÊ±Å„ÅØ„ÄÅÊôÆÈÄö„ÅÆÈùíÊ±Å„Å®ÊØî„Åπ„Å¶„ÇÇÂÖ®ÁÑ∂ÈÅï„ÅÑ„Åæ„Åô„ÄÇ https://t.co/0oeG4upknG„ÄÄ#aojiru #ÈùíÊ±Å„ÄÄ#kenkou„ÄÄ#Health,minatosikikuwao,"<a href=""http://twittbot.net/"" rel=""nofollow"">twittbot.net</a>","['aojiru', 'ÈùíÊ±Å', 'kenkou', 'Health']","[URL(URL=https://t.co/0oeG4upknG, ExpandedURL=http://bit.ly/Pc6LgQ)]"
Sun Mar 04 07:13:01 +0000 2018,970195393790308352,en,"https://t.co/Q9URqQEiRK 2yrs&amp;10mths on my meat free journey, not easy but overtime and persistence my family&amp; I are thankful. #Health #Truth",2stepnaturally,"<a href=""http://twitter.com/download/android"" rel=""nofollow"">Twitter for Android</a>","['Health', 'Truth']","[URL(URL=https://t.co/Q9URqQEiRK, ExpandedURL=https://youtu.be/yBKnG9Y0owQ)]"
Sun Mar 04 07:13:01 +0000 2018,970195393379225600,und,"#CREATIVITY #DIVERSITY #INCLUSION #PARTICIPATION
https://t.co/wMyqy5DKQV 
#depression #SuicidePrevention‚Ä¶ https://t.co/4mdkJik4gq",MassCreativity,"<a href=""https://social.zoho.com"" rel=""nofollow"">ZohoTwitterApp</a>","['CREATIVITY', 'DIVERSITY', 'INCLUSION', 'PARTICIPATION', 'depression', 'SuicidePrevention']","[URL(URL=https://t.co/wMyqy5DKQV, ExpandedURL=http://bit.ly/2kJ2Dt9), URL(URL=https://t.co/4mdkJik4gq, ExpandedURL=https://twitter.com/i/web/status/970195393379225600)]"
Sun Mar 04 07:13:01 +0000 2018,970195393303674880,en,AUSSIE couples are struggling to balance work and family life and it is taking a devastating toll on their children‚Ä¶ https://t.co/hBErhtOi1t,perera_mahendra,"<a href=""http://bufferapp.com"" rel=""nofollow"">Buffer</a>",[],"[URL(URL=https://t.co/hBErhtOi1t, ExpandedURL=https://twitter.com/i/web/status/970195393303674880)]"
Sun Mar 04 07:12:41 +0000 2018,970195306628505600,en,#health #beauty Buy Now: $37.84 Grizzly 6in Bearhugger Nylon Training Belt - XXL https://t.co/j52nIPTW8e https://t.co/UpWvItyrc4,health_anbeauty,"<a href=""https://www.postpilot.net/twitterapps/autotweetpal/"" rel=""nofollow"">AutoTweetPal</a>","['health', 'beauty']","[URL(URL=https://t.co/j52nIPTW8e, ExpandedURL=https://www.health-andbeauty.com/Cholesterol-Testing-159875/grizzly-6in-bearhugger-nylon-training-belt-xxl/222847259146)]"
Sun Mar 04 07:12:34 +0000 2018,970195279889797120,en,RT @HealthRanger: Sugar is 8 times more addictive than cocaine. #sugar #health #addiction https://t.co/ebhkQ0CaIy,BarnSitmer00,"<a href=""http://twitter.com"" rel=""nofollow"">Twitter Web Client</a>","['sugar', 'health', 'addiction']",[]
Sun Mar 04 07:12:22 +0000 2018,970195227603537920,en,#Safety #Recalls: Graco high chair recalled after falling over with #kids strapped in #toddlers #infants #health... https://t.co/a7pWhwP8se,BeautifulBDoula,"<a href=""http://www.facebook.com/twitter"" rel=""nofollow"">Facebook</a>","['Safety', 'Recalls', 'kids', 'toddlers', 'infants', 'health']","[URL(URL=https://t.co/a7pWhwP8se, ExpandedURL=https://fb.me/8hTgdFhE8)]"
Sun Mar 04 07:12:07 +0000 2018,970195164080803840,en,"Another reason to #exercise ! #heart #health Waist size bigger #HeartAttack risk in women, report says #lifestyle  https://t.co/he9z0Ovx3P",grazie1110,"<a href=""http://twitter.com/download/iphone"" rel=""nofollow"">Twitter for iPhone</a>","['exercise', 'heart', 'health', 'HeartAttack', 'lifestyle']","[URL(URL=https://t.co/he9z0Ovx3P, ExpandedURL=http://www.bbc.co.uk/news/health-43225477)]"
Sun Mar 04 07:11:34 +0000 2018,970195025979166720,en,"RT @Fisher85M: Monitoring #health may soon be as simple as applying a temporary tattoo. {Video}

#IoT #innovation #wearables #Healthcare #m‚Ä¶",pedrojosegalvez,"<a href=""http://twitter.com/download/android"" rel=""nofollow"">Twitter for Android</a>","['health', 'IoT', 'innovation', 'wearables', 'Healthcare']",[]
Sun Mar 04 07:10:43 +0000 2018,970194813529280512,en,RT @wef: Psychologists think taking selfies all the time could be a sign of a mental illness https://t.co/MN3QHlahcR #health https://t.co/Q‚Ä¶,dhailstones,"<a href=""http://twitter.com/download/iphone"" rel=""nofollow"">Twitter for iPhone</a>",['health'],"[URL(URL=https://t.co/MN3QHlahcR, ExpandedURL=http://wef.ch/2FBHloR)]"
Sun Mar 04 07:10:38 +0000 2018,970194790884282368,en,Please RT #health #fitness How To Cleanse Your Coronary Arteries With Only 3 Ingredients https://t.co/r2w5hd9ojQ https://t.co/uZHHr7shgz,HealthStyLifee,"<a href=""https://laquesea.com"" rel=""nofollow"">HealthStyLifee</a>","['health', 'fitness']","[URL(URL=https://t.co/r2w5hd9ojQ, ExpandedURL=http://tinyurl.com/j4bh33u)]"
Sun Mar 04 07:10:35 +0000 2018,970194781484797952,en,"Please RT #health #fitness Friday FAQs: Camping food, pregnancy updates, freezer-friendly recipes, and more‚Ä¶ https://t.co/qplr3JBE5Y",healthtrendds,"<a href=""https://www.healthtrendds.com"" rel=""nofollow"">healthtrendds</a>","['health', 'fitness']","[URL(URL=https://t.co/qplr3JBE5Y, ExpandedURL=https://twitter.com/i/web/status/970194781484797952)]"
Sun Mar 04 07:10:33 +0000 2018,970194772639010816,en,Please RT #health #fitness 4 Ways to Find Deep Health &amp;#038; Avoid Conformity https://t.co/sKiSQu0XD9,stayfitbefitt,"<a href=""https://www.stayfitbefitt.com"" rel=""nofollow"">stayfitbefitt</a>","['health', 'fitness']","[URL(URL=https://t.co/sKiSQu0XD9, ExpandedURL=http://tinyurl.com/yb4azodf)]"
Sun Mar 04 07:10:32 +0000 2018,970194768830615552,en,"Please RT #health #fitness The ""All or Nothing"" Approach Has Failed, Miserably. https://t.co/h1i17qnpBJ https://t.co/YHVD0o91d9",healthfitnessb4,"<a href=""https://www.healthfitnessb4.com"" rel=""nofollow"">healthfitnessb4</a>","['health', 'fitness']","[URL(URL=https://t.co/h1i17qnpBJ, ExpandedURL=http://bit.ly/2FlKg7m)]"
Sun Mar 04 07:10:30 +0000 2018,970194759665856512,en,"Retweeted Organic Live Food (@OrganicLiveFood):

#Health risks associated w #fluoride in #water n #fluoride in... https://t.co/q9YWmsXHzq",CaliLiliIndies,"<a href=""http://www.facebook.com/twitter"" rel=""nofollow"">Facebook</a>","['Health', 'fluoride', 'water', 'fluoride']","[URL(URL=https://t.co/q9YWmsXHzq, ExpandedURL=https://fb.me/1MtzuUq5H)]"
Sun Mar 04 07:10:30 +0000 2018,970194759389274112,en,"Please RT #health #fitness If You Press This Point On Your Foot Before Bed, This Is What It Does To... https://t.co/z2jgNwMa87",healthyyfi,"<a href=""https://www.healthyyfi.com"" rel=""nofollow"">healthyyfi</a>","['health', 'fitness']","[URL(URL=https://t.co/z2jgNwMa87, ExpandedURL=http://tinyurl.com/z6mfdju)]"
Sun Mar 04 07:10:29 +0000 2018,970194754116968448,en,Please RT #health #fitness Hair Growth With The Help Of  Healthy Food https://t.co/iTpVnx58Xp https://t.co/23YxDUqY5f,feelhealthyy,"<a href=""https://www.feelhealthyy.com"" rel=""nofollow"">feelhealthyy</a>","['health', 'fitness']","[URL(URL=https://t.co/iTpVnx58Xp, ExpandedURL=http://bit.ly/2kBcoI0)]"
Sun Mar 04 07:10:27 +0000 2018,970194746030329858,en,Please RT #health #fitness Stop Telling Women to Embrace Their Flaws https://t.co/UpdfWQTU5X https://t.co/oS1tfxO0yo,HealthhFitnss,"<a href=""https://laquesea.com"" rel=""nofollow"">HealthhFitnss</a>","['health', 'fitness']","[URL(URL=https://t.co/UpdfWQTU5X, ExpandedURL=http://bit.ly/2knrp16)]"
Sun Mar 04 07:10:26 +0000 2018,970194742679019522,en,RT @OrganicLiveFood: #Health risks associated w #fluoride in #water n #fluoride in tap #water increases chance of bone #cancer https://t.co‚Ä¶,CaliLiliIndies,"<a href=""http://twitter.com"" rel=""nofollow"">Twitter Web Client</a>","['Health', 'fluoride', 'water', 'fluoride', 'water', 'cancer']",[]
Sun Mar 04 07:10:25 +0000 2018,970194736127627264,en,Please RT #health #fitness 3 science-backed tips that will help you finally remember everyone's name‚Ä¶ https://t.co/5EA0KYqlO7,FitnesssAmazing,"<a href=""https://laquesea.com"" rel=""nofollow"">FitnesssAmazing</a>","['health', 'fitness']","[URL(URL=https://t.co/5EA0KYqlO7, ExpandedURL=https://twitter.com/i/web/status/970194736127627264)]"
Sun Mar 04 07:10:22 +0000 2018,970194726170349568,en,Please RT #health #fitness Breastfeeding Benefits For Mom And Baby https://t.co/LIsHTekROp https://t.co/rQYhAEd9uf,fitttLifee,"<a href=""https://laquesea.com"" rel=""nofollow"">fitttLifee</a>","['health', 'fitness']","[URL(URL=https://t.co/LIsHTekROp, ExpandedURL=http://bit.ly/2i7ryVY)]"
Sun Mar 04 07:10:20 +0000 2018,970194717597200384,en,Please RT #health #fitness Cilantro Can Remove 80% of Heavy Metals From The Body Within 42 Days. Here is...‚Ä¶ https://t.co/QjxUo7xaxi,HealthhyLifee,"<a href=""https://laquesea.com"" rel=""nofollow"">HealthhyLifee</a>","['health', 'fitness']","[URL(URL=https://t.co/QjxUo7xaxi, ExpandedURL=https://twitter.com/i/web/status/970194717597200384)]"
Sun Mar 04 07:10:16 +0000 2018,970194701533024256,en,Please RT #health #fitness Southwestern Bowl with Green Chile Vinaigrette https://t.co/we1wXgAuWk https://t.co/Egs97PrHMg,thehealthinsigh,"<a href=""http://healthfitnesstrends.net"" rel=""nofollow"">tweets healthfitnesstrends.net</a>","['health', 'fitness']","[URL(URL=https://t.co/we1wXgAuWk, ExpandedURL=http://tinyurl.com/y7yf54kb)]"
Sun Mar 04 07:10:16 +0000 2018,970194700413161472,en,RT @MarkMauvais: Using #taichi for #meditation the benefits https://t.co/6mVOOjQJit.. #martialarts #kungfu‚Ä¶ https://t.co/8lkPzfnwv1,SurreyTaiChi,"<a href=""https://ifttt.com"" rel=""nofollow"">IFTTT</a>","['taichi', 'meditation', 'martialarts', 'kungfu']","[URL(URL=https://t.co/6mVOOjQJit, ExpandedURL=http://ift.tt/1CXdVxd), URL(URL=https://t.co/8lkPzfnwv1, ExpandedURL=https://twitter.com/i/web/status/970194700413161472)]"
Sun Mar 04 07:10:04 +0000 2018,970194648596611073,en,Please RT #health #fitness Cookie Dough Glow Pops https://t.co/3ohfFRrWnA https://t.co/pTlihvb183,_healthfitness4,"<a href=""http://healthfitnesstrends.net/"" rel=""nofollow"">_healthfitness4-segui</a>","['health', 'fitness']","[URL(URL=https://t.co/3ohfFRrWnA, ExpandedURL=http://bit.ly/2GYk4Nh)]"
Sun Mar 04 07:10:00 +0000 2018,970194633966981121,en,'A Day in the Life' of someone with mental #health difficulties https://t.co/dwRVTB2Rjj,GoodNews_Shared,"<a href=""http://meetedgar.com"" rel=""nofollow"">Meet Edgar</a>",['health'],"[URL(URL=https://t.co/dwRVTB2Rjj, ExpandedURL=http://bit.ly/1DUHCPp)]"
Sun Mar 04 07:09:53 +0000 2018,970194603759603712,en,Good #Health Of The #Heart #Protects Against Alzheimer's Disease https://t.co/ewJbgwuNMY,rhapobic,"<a href=""https://mobile.twitter.com"" rel=""nofollow"">Mobile Web (M2)</a>","['Health', 'Heart', 'Protects']","[URL(URL=https://t.co/ewJbgwuNMY, ExpandedURL=https://jynxbufo.wordpress.com/2017/03/22/good-health-of-the-heart-protects-against-alzheimers-disease-part-1-of-3/)]"
Sun Mar 04 07:09:42 +0000 2018,970194556061757440,en,RT @healthywithgod: Top 8 Food Allergies! #food #health https://t.co/B3jEqrcy8U,ayangrande,"<a href=""http://twitter.com/download/iphone"" rel=""nofollow"">Twitter for iPhone</a>","['food', 'health']",[]
Sun Mar 04 07:09:23 +0000 2018,970194479188717571,en,"RT @Fisher85M: Monitoring #health may soon be as simple as applying a temporary tattoo. {Video}

#IoT #innovation #wearables #Healthcare #m‚Ä¶",CosmUnity,"<a href=""http://twitter.com"" rel=""nofollow"">Twitter Web Client</a>","['health', 'IoT', 'innovation', 'wearables', 'Healthcare']",[]
Sun Mar 04 07:09:06 +0000 2018,970194407596097536,en,"CATEGORICAL IMPERATIVE: Become Who You Are -- The Real You
https://t.co/wMyqy5DKQV 
#creativity #depression‚Ä¶ https://t.co/Q3mnyOUNeD",MassCreativity,"<a href=""https://social.zoho.com"" rel=""nofollow"">ZohoTwitterApp</a>","['creativity', 'depression']","[URL(URL=https://t.co/wMyqy5DKQV, ExpandedURL=http://bit.ly/2kJ2Dt9), URL(URL=https://t.co/Q3mnyOUNeD, ExpandedURL=https://twitter.com/i/web/status/970194407596097536)]"
Sun Mar 04 07:08:30 +0000 2018,970194256437678081,en,Independent Dad Happy with Isolated Rural Life but It Concerns #Family #MentalHealth #TipsforCaregivers‚Ä¶ https://t.co/DE5wWm6rnh,mindingourelder,"<a href=""http://www.feedblitz.com/f/f.fbz?help/default#twitter"" rel=""nofollow"">FeedBlitz</a>","['Family', 'MentalHealth', 'TipsforCaregivers']","[URL(URL=https://t.co/DE5wWm6rnh, ExpandedURL=https://twitter.com/i/web/status/970194256437678081)]"
Sun Mar 04 07:08:24 +0000 2018,970194229724098560,en,@FitnessExplorer really great podcast with @drchatterjeeuk believe in everything you talked about. Movement is so s‚Ä¶ https://t.co/ydYB0vpKNX,samthatcher1985,"<a href=""http://twitter.com/download/iphone"" rel=""nofollow"">Twitter for iPhone</a>",[],"[URL(URL=https://t.co/ydYB0vpKNX, ExpandedURL=https://twitter.com/i/web/status/970194229724098560)]"
Sun Mar 04 07:08:19 +0000 2018,970194208945405952,en,RT @healthywithgod: Top 8 Food Allergies! #food #health https://t.co/B3jEqrcy8U,LindaLeeKing,"<a href=""http://twitter.com/download/iphone"" rel=""nofollow"">Twitter for iPhone</a>","['food', 'health']",[]
Sun Mar 04 07:08:14 +0000 2018,970194188448002048,en,Got that Dirty 30 Extreme in today from #21DFX! #beachbody #health #fitness https://t.co/NU2oVniUlC,Apuremindnbody,"<a href=""http://twitter.com/download/iphone"" rel=""nofollow"">Twitter for iPhone</a>","['21DFX', 'beachbody', 'health', 'fitness']",[]
Sun Mar 04 07:08:02 +0000 2018,970194137646620672,en,"üÜïSTART YOUR OWN BUSINESS FREE!!!
https://t.co/XjtCHRXb2C

üí∞- 100% Commissions Paid Out Weekly
üíª- FREE Personalized‚Ä¶ https://t.co/zYI2Jw6stl",CBDOilProducts,"<a href=""http://twitter.com"" rel=""nofollow"">Twitter Web Client</a>",[],"[URL(URL=https://t.co/XjtCHRXb2C, ExpandedURL=https://freehempbiz.info), URL(URL=https://t.co/zYI2Jw6stl, ExpandedURL=https://twitter.com/i/web/status/970194137646620672)]"
Sun Mar 04 07:07:32 +0000 2018,970194010789765120,en,RT @westaustralian: WA has more anti-vax hot spot postcodes per capita than any other state https://t.co/sKpx2Eergp #health #perthnews,Zanash4,"<a href=""https://mobile.twitter.com"" rel=""nofollow"">Twitter Lite</a>","['health', 'perthnews']","[URL(URL=https://t.co/sKpx2Eergp, ExpandedURL=http://bit.ly/2HYRtsm)]"
Sun Mar 04 07:07:31 +0000 2018,970194008164085761,en,RT @wef: Scientists have created a silicon beating heart https://t.co/pdXLgA7tIN #health https://t.co/1HUFtVhBfY,vspispice1310,"<a href=""http://twitter.com/download/android"" rel=""nofollow"">Twitter for Android</a>",['health'],"[URL(URL=https://t.co/pdXLgA7tIN, ExpandedURL=http://wef.ch/2FNOi6b)]"
Sun Mar 04 07:07:29 +0000 2018,970194000983547905,en,Clay Richie: Playing Politics with Purpose By Simon Kolawole https://t.co/IAdisIl7pB #News #Nigeria #Africa‚Ä¶ https://t.co/Xq5YJQ8on3,Richie_Clay,"<a href=""http://twitter.com/download/android"" rel=""nofollow"">Twitter for Android</a>","['News', 'Nigeria', 'Africa']","[URL(URL=https://t.co/IAdisIl7pB, ExpandedURL=https://goo.gl/gJFSKe), URL(URL=https://t.co/Xq5YJQ8on3, ExpandedURL=https://twitter.com/i/web/status/970194000983547905)]"
Sun Mar 04 07:07:11 +0000 2018,970193924039086080,en,Top 8 Food Allergies! #food #health https://t.co/B3jEqrcy8U,healthywithgod,"<a href=""https://www.socialoomph.com"" rel=""nofollow"">SocialOomph</a>","['food', 'health']",[]
Sun Mar 04 07:06:57 +0000 2018,970193866161905664,en,"4000 People Will Die While You Watch A Movie
300M People Have No Access To Heart Surgery
Fighting A Global Pandemic‚Ä¶ https://t.co/pyJIhHs0HW",CharlesLaverty_,"<a href=""https://panel.socialpilot.co/"" rel=""nofollow"">SocialPilot.co</a>",[],"[URL(URL=https://t.co/pyJIhHs0HW, ExpandedURL=https://twitter.com/i/web/status/970193866161905664)]"
Sun Mar 04 07:06:55 +0000 2018,970193858066722817,en,"6 Really Good Things That Happen to Your Body When You Quit Sugar - https://t.co/nX5H0aLf0Z, , #HEALTH",nvision_360,"<a href=""http://www.nvision360.com"" rel=""nofollow"">nvision360</a>",['HEALTH'],"[URL(URL=https://t.co/nX5H0aLf0Z, ExpandedURL=http://www.epicnewstoday.com/6-really-good-things-that-happen-to-your-body-when-you-quit-sugar/)]"
Sun Mar 04 07:06:54 +0000 2018,970193852706508800,en,RT @grants4apps: Calling Turkish #Digital #Health entrepreneurs. Bayer #G4A Accelerator Turkey program is accepting applications until TOMO‚Ä¶,ranci1,"<a href=""http://twitter.com/download/iphone"" rel=""nofollow"">Twitter for iPhone</a>","['Digital', 'Health', 'G4A']",[]
Sun Mar 04 07:06:52 +0000 2018,970193844456140800,en,"For the ultimate in flavor and #health, you can't beat #garlic and fresh #herbs and luckily we have a #salsa which‚Ä¶ https://t.co/lmTtL05lE4",ChefLarryEdward,"<a href=""http://twitter.com"" rel=""nofollow"">Twitter Web Client</a>","['health', 'garlic', 'herbs', 'salsa']","[URL(URL=https://t.co/lmTtL05lE4, ExpandedURL=https://twitter.com/i/web/status/970193844456140800)]"
Sun Mar 04 07:06:49 +0000 2018,970193833613918208,en,"This Anti-Wrinkle Pillow Has Hundreds of 5-Star Reviews on Amazon - https://t.co/msWVgTtxdP, , #HEALTH",nvision_360,"<a href=""http://www.nvision360.com"" rel=""nofollow"">nvision360</a>",['HEALTH'],"[URL(URL=https://t.co/msWVgTtxdP, ExpandedURL=http://www.latesttop.news/this-anti-wrinkle-pillow-has-hundreds-of-5-star-reviews-on-amazon/)]"
Sun Mar 04 07:06:40 +0000 2018,970193795190059008,en,RT @SergioBibik: I don't do drugs. I am drugs.üòòhttps://t.co/8qU3MBLGsq #health #healthy #healthyliving #healthylife #fitness #fitnessjourne‚Ä¶,SergioBibik,"<a href=""http://twitter.com"" rel=""nofollow"">Twitter Web Client</a>","['health', 'healthy', 'healthyliving', 'healthylife', 'fitness']","[URL(URL=https://t.co/8qU3MBLGsq, ExpandedURL=http://www.vkrasnoznamenske.ru/news/detail/225161/)]"
Sun Mar 04 07:06:20 +0000 2018,970193711249240064,en,"8 Women Share the Foreplay Moves That Always Get Them in the Mood - https://t.co/0oyzA8pxI5, , #HEALTH",nvision_360,"<a href=""http://www.nvision360.com"" rel=""nofollow"">nvision360</a>",['HEALTH'],"[URL(URL=https://t.co/0oyzA8pxI5, ExpandedURL=http://www.thenationalnews.news/8-women-share-the-foreplay-moves-that-always-get-them-in-the-mood/)]"
Sun Mar 04 07:06:15 +0000 2018,970193689581506560,en,A good conversation about something we all should know by now (or so we thought) about how alcohol is bad for us‚Ä¶ https://t.co/vHnbbmsK9n,HPBMRG,"<a href=""http://twitter.com"" rel=""nofollow"">Twitter Web Client</a>",[],"[URL(URL=https://t.co/vHnbbmsK9n, ExpandedURL=https://twitter.com/i/web/status/970193689581506560)]"
Sun Mar 04 07:06:13 +0000 2018,970193682413563904,en,#health #beauty Buy Now: $34.99 Member s Mark Nicotine Transdermal System Step 1 Clear Patches 21 Patches 3 2019‚Ä¶ https://t.co/YtzBgSdxKr,health_anbeauty,"<a href=""https://www.postpilot.net/twitterapps/autotweetpal/"" rel=""nofollow"">AutoTweetPal</a>","['health', 'beauty']","[URL(URL=https://t.co/YtzBgSdxKr, ExpandedURL=https://twitter.com/i/web/status/970193682413563904)]"
